url,label
http://amaz0n-ymkqkqjp.pw/uqml/account-reset/free-gift?session=RYHVLvZiBtFJ7vnq&redirect=http://tylerpaper.com&user=lhdwagm,1
https://59.126.68.89/wgdrnrsyl,1
https://kzhtokaa.cn/orwhh/pnhkgvnqf/win-big/iev?session=7cyI3bHqZwgnIHI2&user=hvoqtgw,1
http://152.222.9.125/juf/iynavgcrv/account-reset?session=opqoZZwWhe7Ea170&redirect=http://utexas.edu&user=zxwmzxh,1
http://143.127.157.209/win-big/gnyu/update-billing/ljw?session=jJWTKvbsDOTlLmaz&redirect=http://nasa.gov,1
https://paypa1-buayrgzfl.click/update-billing/fzx?session=kxnAZ8tCH8xlB3Ht&redirect=http://kera.org,1
https://ciiqs.gq/wjpzkeasr/ecbw/update-billing/erxighq?session=P1uD8HqB8RkLNNIG&redirect=http://mit.edu,1
https://usda.gov/,0
https://wikipedia.org/,0
https://utexas.edu/verify-user/djrtwszp,0
https://usda.gov/,0
http://hoowbsdbbd.ga/jjcibkbku?session=fmjV1odQbNRDcV67&redirect=http://utexas.edu&user=tratmrs,1
http://kera.org/,0
http://247.96.45.244/office365-security?session=Sl1WrEi1L9rPzzjr&redirect=http://usda.gov&user=gpqcmwz,1
https://bleepingcomputer.com/?q=yzhzrlhzwc,0
http://cenarkn.ru/account-reset/ntipjl/wfghouqys/secure-check?session=HmyMCVlbR1Jn7UC6&redirect=http://usda.gov,1
http://nih.gov/,0
http://laevgbm.tk/crypto-bonus/verify-user?session=dcvSqXWAvc3Nkr3Q&redirect=http://utexas.edu,1
http://whitehouse.gov/,0
https://usda.gov/gitj/syooezwm,0
https://xoibvysk.click/login-verify?redirect=http://example.com&user=ssrpxcc,1
https://bleepingcomputer.com/ycmbttd/npzyt,0
http://220.45.198.71/paypal-security?session=rpkgpNUexaCXQyHz&redirect=http://tylerpaper.com,1
http://zucqq.cn/account-reset?redirect=http://utexashealth.org,1
http://tqyyzozq.pw/wuprnifox?session=8ot8QB7zeIewEoWo,1
https://245.66.237.46/xbjy/paypal-security/vph/bank-secure?session=igoxIYVhnMIeO46N&redirect=http://usda.gov&user=xgmgzqm,1
https://6.19.122.26/login-verify/slwzd/wallet-airdrop?session=fSYYHaQd2ccsqQXx&redirect=http://bleepingcomputer.com&user=ldwtxzk,1
https://nih.gov/lhrmr,0
https://135.254.248.196/account-reset/kpzwuawk/pwh/login-verify?session=wcYuBLyLfA55914T&redirect=http://nasa.gov,1
http://217.140.112.251/zqhpvpo/login-verify/claim-prize?session=mVObMrW7dM8EGxjM&user=seviomt,1
https://whitehouse.gov/,0
http://usda.gov/office365-security/win-big/ktl,0
https://openlibrary.org/,0
http://utexas.edu/,0
https://225.130.158.230/vktn/zxttelgo?session=ejFj3SjP0Tn3CL1G&redirect=http://utexashealth.org,1
http://cisa.gov/,0
http://166.249.43.224/claim-prize?session=mardZ5NwjBHb6uG9&redirect=http://bleepingcomputer.com&user=wediiry,1
https://mit.edu/hsaqs/update-billing/verify-user,0
http://usda.gov/zfoydtgze/sqxlggbgc/lkekwj,0
http://252.155.200.196/qmd/oykksd?session=wR2Elyo9NvUGbL8d&redirect=http://wikipedia.org&user=zaihuoj,1
http://kdxqni.zip/invoice-overdue?session=wIYvzvQLJOH8ruFW&redirect=http://openlibrary.org&user=hqdeviq,1
https://56.63.125.190/kvaa/account-reset/fgew/avxa?session=Wg6soYO68922ei5X&redirect=http://who.int,1
http://utexashealth.org/?q=yox,0
http://xepeouddfe.ml/njo?session=c64sHiEt49LFQPcc&redirect=http://whitehouse.gov,1
http://openlibrary.org/,0
https://nasa.gov/,0
https://110.114.178.240/enmlznnsl/jypkdob/urgent-action/free-gift?session=HecDtCuxZZiiNVPj&user=qqkxibr,1
https://openlibrary.org/avz/win-big,0
http://150.37.176.198/bank-secure/win-big/urgent-action?session=i4WJxM32d0hPCVG0&redirect=http://mit.edu,1
http://faceb00k-ncvfjszv.work/bank-secure/wdrbso/secure-check/crypto-bonus?user=tpubbke,1
http://utexas.edu/,0
https://openlibrary.org/wallet-airdrop/invoice-overdue/ivnshvj,0
https://40.5.128.57/umjsa/gko/account-reset/unzmriiq?session=Nm31nhNukrhWacWD&redirect=http://utexas.edu,1
http://xryvsba.top/update-billing/claim-prize?session=65xIHEHofSGWYnfw&redirect=http://whitehouse.gov&user=oyxbjww,1
http://usda.gov/,0
http://oxrckyiwci.top/axbvkce?session=kOJ1NbnRk71F9aGq,1
http://81.86.27.11/free-gift?redirect=http://mit.edu&user=qnvhbpg,1
http://122.141.43.97/odtjekmj/win-big/twebnw?session=HZjXiYmQfzgFcga5&redirect=http://wikipedia.org,1
https://micr0soft-mblxguzel.cn/ojvyyrxs/pqj/win-big/gdep?session=Ex9IC5DSaAIytPAy&redirect=http://usda.gov&user=iykfxlz,1
https://utexashealth.org/,0
https://wikipedia.org/,0
http://axryv.cf/txvubqn/hyycsneng/tkcqjlr?session=lyuj9Bvt9uxVATLI&redirect=http://utexashealth.org&user=tjlyaah,1
http://whgdfnh.zip/update-billing/dxhzqajs/update-billing?redirect=http://tylerpaper.com,1
https://bleepingcomputer.com/urgent-action/vmj,0
http://wikipedia.org/,0
http://107.40.193.3/ntejfynue/login-verify/free-gift?session=RPklvCq8IqijJcif,1
https://openlibrary.org/,0
https://who.int/robiqjns/jtmwh,0
https://nih.gov/invoice-overdue/myhhyzu,0
http://65.47.146.4/paypal-security/qvken?session=5Wbmzx0MbbbDTizH,1
https://cisa.gov/,0
http://utexashealth.org/,0
http://who.int/?q=sciw,0
https://55.195.145.205/yglmo/lcd/urgent-action/claim-prize?session=2qt3IkrQX7xLDnuU,1
https://inkeqgbha.click/wallet-airdrop/wallet-airdrop/verify-user/update-billing?session=VS5l6y8k6nRvLQg1&user=sjaqnyy,1
http://hkpnml.cf/cxog?session=2RzynZQEkmNRral4&redirect=http://kera.org&user=xgibexd,1
https://whitehouse.gov/aozjqu,0
http://188.99.135.247/gdzxio/ouwisnd?session=JjeHSl0jbt87sUYN&user=edazqpp,1
http://233.252.139.5/verify-user/urgent-action/office365-security/lssw?session=vYk86khPRoupX8qb&user=qhmtwvb,1
https://236.20.179.245/kvocvaade/wallet-airdrop?session=LvxsM5NKQ8EvpDXU&user=pwyrzjz,1
http://ewcke.tk/login-verify/zodjlq?session=2o6NzvOuKR0BsiWk&redirect=http://nih.gov&user=hvdhyqe,1
http://micr0soft-vergsilpf.ru/dcmpbundm/rlkwslymt/claim-prize/atan?session=mXzgAKqHJL9ymIIl&redirect=http://nih.gov&user=histwrt,1
http://faceb00k-fafmj.pw/secure-check/win-big/login-verify/secure-check?session=Oo30nbaZ1m6yu9Lk&redirect=http://cisa.gov&user=uryccaa,1
http://nasa.gov/,0
http://214.155.236.222/crypto-bonus/aqjeaw?session=d7YlQVjrztfOc6lb&redirect=http://nasa.gov&user=ovrnsgj,1
http://11.143.68.141/claim-prize/agzzrtd/yrztmjf/crypto-bonus?session=42cOg8NqTJJxxK3e&redirect=http://bleepingcomputer.com&user=kviuxaw,1
http://xgsbwzb.pw/qoxpyz/igi/fvit?session=e64RVc86LLeI6qcc&redirect=http://tylerpaper.com&user=muwfyau,1
https://vuyrbgdym.ru/win-big?redirect=http://kera.org&user=kofilfy,1
http://xjurpl.click/free-gift/oyspjaf/aky/uarpa?user=nstboqx,1
https://who.int/?q=ptuggzuxfr,0
https://wutolmbuga.zip/jtixouiif/dwjuwu/win-big/urgent-action?session=2RDyVMygkRgx8F7H&redirect=http://who.int,1
https://whitehouse.gov/qzbizufv/fwidxaw,0
https://yodijtipek.ml/rpcawiv/login-verify?session=9h9RDZERx8uZnTYR&redirect=http://whitehouse.gov,1
http://who.int/tpej/wgnbzr?q=kjom,0
http://ojynp.ml/free-gift/aefh/office365-security?session=T51Ue87JSRPTThN8&redirect=http://kera.org,1
http://utexas.edu/,0
https://109.124.192.19/free-gift/fslfzlv?session=42CJTr2CRSsMYkp3&user=xeokygw,1
http://mit.edu/?q=juekj,0
http://cisa.gov/ffgnfs?q=xrmgaccomy,0
http://195.139.3.251/free-gift?session=gZ8AFzVtCGEwrSfE&redirect=http://nih.gov,1
http://bleepingcomputer.com/invoice-overdue/znlpcs,0
http://mit.edu/,0
http://38.95.219.201/fajq/update-billing/secure-check/update-billing?session=4jMIKVgqrRCkh7h1&redirect=http://utexas.edu&user=vjaliep,1
http://ldtfcgxkz.cn/ypcgp?session=QHORa0YnzufK5rAv&redirect=http://nih.gov&user=etzorfv,1
http://mit.edu/,0
http://33.138.191.102/trdjfarf,1
http://whitehouse.gov/paypal-security/bubskunoe/babjfjmkx/verify-user,0
http://tylerpaper.com/verify-user/office365-security?q=vqwymfjo,0
https://usda.gov/,0
https://utexas.edu/vzarlxp/update-billing/urgent-action/bxfnye,0
http://145.226.237.242/login-verify/login-verify/bank-secure/qmmwtua?session=k0fZhBSt1r0OTuP3&user=zsjarkr,1
https://127.29.38.140/qxscbog/bank-secure?session=F6EB0WWHa7YDJ5wQ&redirect=http://tylerpaper.com,1
http://162.139.76.172/urgent-action/invoice-overdue?session=U1yah4uUEeIp6iY0&redirect=http://example.com,1
http://paypa1-akvdhlkwcf.gq/verify-user/secure-check/invoice-overdue/crypto-bonus?session=tzRhFqxdEdKOsiGJ&redirect=http://mit.edu,1
https://utexashealth.org/?q=bcrhsrxw,0
http://24.248.221.128/tngkflgd/urgent-action/zizwo/bank-secure?session=O3p3XDXeOGqQEgoE&redirect=http://whitehouse.gov&user=hdodxbu,1
http://utexashealth.org/vhiybejto,0
https://lupkbwalk.click/cce/teyrb/free-gift?redirect=http://whitehouse.gov,1
https://who.int/,0
https://hpibe.zip/fewr/secure-check/rwj/paypal-security?session=ArbLw83x6sbwsjKg&redirect=http://utexas.edu&user=unpifva,1
https://bleepingcomputer.com/?q=thuigh,0
http://whitehouse.gov/urgent-action/twafcap/tkgf?q=gxopuvg,0
http://221.54.113.25/rvjm/okfmjm?session=t5yurP2LHvP8b2lo&redirect=http://cisa.gov,1
https://mit.edu/,0
https://116.85.65.171/mics?session=DXEzosF3WdVqtyBy&user=sivikoe,1
https://micr0soft-ukpdgh.gq/urgent-action/claim-prize?session=yISh33KM9cTwBzBZ&redirect=http://nih.gov,1
http://kera.org/paypal-security/update-billing,0
https://122.36.33.179/update-billing/ryzhpinz/onqmeps?session=CXTmMzcvXnNQpesI&user=ikoyvfv,1
http://92.50.224.172/mhbamb/lhkwdhla?session=vNBQrDyjn4boEn6F&user=snrhrut,1
http://example.com/?q=xnsjzc,0
http://kera.org/?q=abujjopryj,0
http://who.int/?q=xykkjkcfic,0
http://nasa.gov/,0
http://sstgt.pw/free-gift?redirect=http://who.int&user=zirvwwh,1
https://wikipedia.org/,0
https://39.231.30.23/crypto-bonus?redirect=http://wikipedia.org&user=dywntgz,1
http://faceb00k-fzkoe.xyz/invoice-overdue?session=CzvHGVhkAkKHx0QB&redirect=http://usda.gov,1
https://54.192.24.51/wrxly?session=Q3yz9tcGvLAC8Xr8&redirect=http://tylerpaper.com&user=rnhoemb,1
http://80.181.164.252/wallet-airdrop/win-big?session=D4gl6wsgaI1uTwWG&redirect=http://tylerpaper.com&user=pccqpbz,1
https://wikipedia.org/,0
https://bnwjrehjc.ga/verify-user/qlzipo?session=gHIDJGo5RkRHzG4k&redirect=http://mit.edu,1
http://usda.gov/?q=vuvel,0
http://bleepingcomputer.com/,0
http://mit.edu/,0
http://nasa.gov/lmsrz/free-gift/gylwob/office365-security?q=xeakyuhss,0
https://utexas.edu/,0
https://cisa.gov/rykyzioa/wwlfqsj/secure-check?q=amybypu,0
http://nasa.gov/,0
http://kera.org/cbu/vxklkik/win-big,0
http://utexas.edu/,0
https://paypa1-angdpnntf.ru/crdh/sqmvl?session=m0S7gXKkmSABKqtg&redirect=http://nasa.gov&user=jqbeanp,1
http://cisa.gov/?q=olp,0
http://cmcuhzrhg.work/office365-security?session=KVbTCW0czRtSUBYv,1
https://whitehouse.gov/,0
https://utexashealth.org/,0
https://whitehouse.gov/secure-check,0
http://whitehouse.gov/,0
https://openlibrary.org/,0
http://13.189.47.52/hblq/xfqwhreb?session=axHQ3gVnjgoYqGIP,1
https://nasa.gov/,0
https://kera.org/,0
http://whitehouse.gov/,0
http://118.12.57.74/maj?session=i2WF7I7SiTA4sb5p&redirect=http://who.int&user=zcghior,1
https://nletmyo.cf/invoice-overdue?session=95cwREE01hf1lkFq&user=pznokbt,1
https://56.184.100.183/account-reset/zyzpt/njzrd?session=qF52itGihch2ZU5r,1
http://bleepingcomputer.com/?q=yavue,0
https://tylerpaper.com/,0
https://usda.gov/,0
https://mit.edu/,0
http://sgohfyhcj.ga/office365-security/verify-user/gec/xefygcobz?session=ft8U7FtywiPu3FFW&redirect=http://utexashealth.org&user=pwhdmxc,1
http://cisa.gov/crypto-bonus/ohbcsmid?q=xilq,0
http://nasa.gov/,0
https://who.int/,0
http://saprbehuqb.ru/hwrwawqg/mpcfz/gni/account-reset?redirect=http://bleepingcomputer.com&user=zzyyfik,1
https://tylerpaper.com/,0
https://whitehouse.gov/,0
http://196.146.230.115/mgogo/ocx/free-gift?session=o2x2Zgkgg7wMh553&redirect=http://wikipedia.org&user=ielxrqh,1
https://bleepingcomputer.com/obyct/office365-security/account-reset/upufcfdgd,0
http://153.34.68.4/verify-user/lljmhyns?session=16ztfeT6kdUIE27A&redirect=http://kera.org&user=mrrndae,1
https://who.int/?q=gpsh,0
https://who.int/,0
http://edzpa.ml/sxj/win-big/kxxwde/froomzrp?session=jiRadWgPKa2i51Xl&redirect=http://nih.gov&user=eoqwbrw,1
https://txycxpjqjl.work/verify-user?session=xU7c62TAr2tvkrEn&redirect=http://bleepingcomputer.com&user=pcghcon,1
https://example.com/opzc/free-gift?q=rbmgjiui,0
http://utexashealth.org/?q=ukrtgesj,0
https://dhzbt.work/free-gift/wdehkx/hqbfq?session=kut0XqRwHviirWz5&redirect=http://nasa.gov&user=fexpvnn,1
http://amaz0n-mvdhd.zip/bank-secure/bank-secure/secure-check/invoice-overdue?session=u7vMzc0jfg5DV8YT&redirect=http://bleepingcomputer.com,1
https://wikipedia.org/office365-security/drkuxw,0
https://kibau.xyz/ckzi/ycvr?session=FYuMM5yAoguaOann&redirect=http://mit.edu,1
https://5.130.16.95/verify-user/jhhtg/verify-user?session=sLkl0xAZf8pWP5T6&redirect=http://utexas.edu&user=drwqynm,1
https://kera.org/,0
http://ucugmacred.click/pasqwaki/login-verify/claim-prize/zwt?session=V7ybF5276m8Uiu78&redirect=http://utexashealth.org&user=iklrfeh,1
https://openlibrary.org/,0
https://nih.gov/,0
http://wikipedia.org/okfkx/womyhkxvn/free-gift/znxp?q=dmbjfitjt,0
http://faceb00k-zvsrdg.work/free-gift/free-gift/secure-check/invoice-overdue?session=gDcQhbMnwuLmGWVm&redirect=http://whitehouse.gov&user=rcnfipy,1
http://155.233.12.247/secure-check/office365-security?session=irP8XUnejuCTPeQ3&redirect=http://openlibrary.org,1
http://faceb00k-uyuqtqpcb.ga/win-big/paypal-security?session=Mz1WMCCAMgOPbGKg&redirect=http://kera.org&user=ufoqgks,1
https://mit.edu/?q=uxtbqvayel,0
https://0ffice365-dmmrdtu.ga/yud/rbvlpamhc?session=TlrhqRPADWgTLl1M&redirect=http://openlibrary.org&user=azylqcb,1
https://mit.edu/?q=hhujysmql,0
https://who.int/,0
http://ftifb.xyz/wneqbmy/deou?session=ACkmALsJ7m1D6wxD&redirect=http://usda.gov,1
https://tylerpaper.com/,0
https://example.com/wallet-airdrop/bujnrviaw/zgclsip/xeblnu,0
https://xqdeflir.zip/update-billing/login-verify/office365-security/minjuznjr?session=5KmYTCdrhEw3Qpus&user=ejaiqpj,1
http://flcyqh.ml/bank-secure/lsxbk?session=q7r7d8lYEHFeBFIy&redirect=http://nasa.gov&user=efswuls,1
https://zxeznoylp.zip/ftuakjn/pudbtnwok/nog?redirect=http://usda.gov&user=bocncgo,1
http://227.211.113.108/free-gift/sdrzzto?session=WjuDUHqyARVDmyJI&user=gglrock,1
http://openlibrary.org/,0
https://nasa.gov/,0
http://utexashealth.org/,0
http://hnktvquimk.ml/sdduabf?session=yLYVxQe6n7VpvdAI&redirect=http://openlibrary.org&user=wloxqzv,1
http://usda.gov/,0
https://utexas.edu/?q=qerktwlla,0
http://openlibrary.org/pff/secure-check/account-reset,0
http://148.90.94.99/secure-check/ewqp/crypto-bonus/ddlwek?session=fdOW76kH63oYmSeg&user=dmtsdyg,1
http://147.247.228.29/vtrop/mndatuki/urgent-action?session=MP7JwxM3u1wVHEAI&redirect=http://openlibrary.org&user=dkbmntc,1
https://who.int/?q=rvkcnrv,0
https://whitehouse.gov/,0
https://76.101.159.149/secure-check/zicazkdh?session=I8grbAKMSzAnkiI0&redirect=http://who.int&user=zrdbasm,1
http://26.32.249.197/paypal-security/wakutlx/qih?session=0pYv8pBcC9qXmVHt&redirect=http://utexas.edu,1
http://mit.edu/,0
https://utexas.edu/,0
https://bleepingcomputer.com/,0
https://0ffice365-fnuwyqzs.click/yixdxp/eosmkcwq?user=dzjpkvv,1
http://69.56.2.190/xyyn/xwbalh/xejcm/secure-check?session=lYgB0kvAw1mlcyU3&redirect=http://nasa.gov,1
https://usda.gov/?q=qmsq,0
http://157.149.185.216/update-billing/jjifal/wutqhg/gksjfd,1
http://whitehouse.gov/login-verify/login-verify/mvkbqbdoh,0
https://35.154.67.73/account-reset?redirect=http://bleepingcomputer.com,1
https://kera.org/,0
http://kera.org/,0
https://wikipedia.org/,0
https://paypa1-zfzeasu.cf/invoice-overdue?user=oxvirnr,1
http://eovqyqg.xyz/mmemd/claim-prize?session=NovG7202PENLHsn7,1
https://who.int/,0
https://38.190.194.100/dizqkaure?session=bDqmEjZ0rlLEA0EP&redirect=http://openlibrary.org&user=imhgyuk,1
http://vbcqw.top/office365-security/tgvincjtj/claim-prize,1
http://73.167.24.223/quiqqcy?redirect=http://utexashealth.org&user=xdyeaug,1
http://nih.gov/?q=xnwwhu,0
https://bleepingcomputer.com/cged/verify-user,0
http://pvorwdp.ga/dtmfrwh/paypal-security?session=5sDlo0qLBOhjbiUo&redirect=http://kera.org&user=mhrymrk,1
http://nasa.gov/?q=mgjpzs,0
https://ukqfblajz.cf/free-gift/win-big/login-verify/crypto-bonus?session=tsb8uS15L0wfqu3l&redirect=http://utexashealth.org&user=bittxcs,1
http://bleepingcomputer.com/,0
https://gsbtrk.cn/kgsduqnam?session=yYVwSFOAhjqZUgkz&redirect=http://bleepingcomputer.com&user=mgislst,1
http://whitehouse.gov/,0
http://111.252.164.64/nuibuwwzx/wallet-airdrop?session=D7DKNXOm3ConAxj0&redirect=http://openlibrary.org&user=cljpmql,1
http://wikipedia.org/,0
https://22.193.253.156/paypal-security?session=YMQ7PXfilYRlbDio,1
https://utexashealth.org/free-gift/bank-secure/win-big/umglsgixc,0
http://yctzh.tk/gpxx/verify-user/claim-prize/office365-security?session=GtEMZLxRLRxWmtzp&redirect=http://nasa.gov&user=wyroqbs,1
https://xyxdd.work/verify-user/rlgujjk/ovc?session=Ytu5h0WyjKV0q30Z&redirect=http://utexashealth.org&user=awlkxbb,1
http://102.115.58.205/bank-secure?session=JlkTVtyo0zXlaRCv&redirect=http://mit.edu&user=mapalci,1
http://33.135.137.63/mhumctsj/qwsbmfrm/secure-check/urgent-action?session=rkt1Oj2Uo3lbPCq5&redirect=http://who.int&user=kliljbj,1
https://nih.gov/office365-security/update-billing/ozpovvknw/hkwaon?q=ezzvdlzlzq,0
https://129.221.24.87/vcsqi/jgsjuxtyi?session=4RIUHyRmfL2zqSHy&user=yvxhocz,1
http://kera.org/,0
http://42.6.227.126/bank-secure?session=YVQmNGz6LclE6MWv&redirect=http://nasa.gov&user=zzqwznm,1
http://nasa.gov/win-big,0
http://micr0soft-wdgbhl.top/paypal-security/verify-user?session=07IAX5L6qwsquyfn&redirect=http://utexas.edu&user=fxekyta,1
http://86.10.7.106/verify-user/emcwojo/fspse?session=jzms90M4MIJuy5zA&redirect=http://utexas.edu,1
http://201.170.77.214/wallet-airdrop/ygicaniq/account-reset/dzkoykszm?session=z3NknI9oLuP4O3GO&redirect=http://example.com,1
https://usda.gov/,0
https://46.176.234.27/verify-user/igo/apukn/jweyxi?redirect=http://nih.gov&user=rlgelqu,1
http://kera.org/,0
http://utexashealth.org/llmansyx/invoice-overdue/secure-check/bank-secure,0
http://nasa.gov/ogmsla/invoice-overdue/shgdf/crypto-bonus,0
https://whitehouse.gov/free-gift/xygtj/claim-prize,0
http://220.48.33.157/login-verify/account-reset/ewvni?redirect=http://kera.org&user=cswpagd,1
https://36.23.37.166/login-verify/verify-user/csnwthnn/win-big?session=4HaC4Juv8skRLsWq&redirect=http://usda.gov&user=bzvqhcn,1
http://utexas.edu/?q=odindf,0
https://kera.org/?q=xmvtmpx,0
http://131.58.152.234/win-big/mzefrcmee/kzhfbawje?redirect=http://openlibrary.org,1
https://60.208.24.115/ghavwi/xymalhga/account-reset?session=MGXMRqOGqleigCCR&redirect=http://utexas.edu&user=bnecgss,1
http://usda.gov/,0
https://bleepingcomputer.com/?q=grhf,0
http://mit.edu/,0
https://kera.org/xivodr/office365-security,0
http://138.187.147.146/klag/urgent-action/jvox/wallet-airdrop?redirect=http://usda.gov&user=wjhcwtz,1
https://who.int/,0
http://who.int/?q=bnthzrd,0
http://utexas.edu/,0
http://0ffice365-kxdda.click/nzehtdd/urgent-action/far/dgbrtu?session=mPbjUrJv1WMFeYVG,1
http://0ffice365-hfurzm.ru/fgqxl/wallet-airdrop/txfc?session=zm3eKdBnLlxCmwqu&redirect=http://usda.gov&user=dwleixp,1
https://paypa1-gbjop.tk/zusl/crypto-bonus/account-reset?user=ozifxuq,1
http://mit.edu/,0
http://nih.gov/secure-check/update-billing?q=sckyvp,0
https://mit.edu/update-billing/lgshvc/kjm/emluowcn?q=hyrhorewaf,0
http://kera.org/,0
http://bleepingcomputer.com/jlgkr?q=qgxdlggau,0
https://who.int/,0
https://dikzircatz.ml/invoice-overdue/claim-prize?session=e4yx1RR369aBuyY4&redirect=http://usda.gov&user=nautloh,1
http://129.220.129.141/frll/whqv/win-big/xbker?user=atixvtv,1
http://157.222.99.176/update-billing?session=v4ofazUYHcX2pddB&redirect=http://utexas.edu&user=rghpmdb,1
http://148.190.130.240/wgduip/login-verify/jyilrzw?session=SYb7L0P6QWoIt7wY&redirect=http://whitehouse.gov&user=layyxhy,1
http://cisa.gov/,0
http://guszcbj.click/qdhtlzuzo?session=rWSPSGpuKZwgSZfd&user=ljnpnkg,1
http://whitehouse.gov/koxli/free-gift,0
https://60.21.133.166/account-reset/icrmpqkgd?session=F3jk5Gz8N2TY6nLD&redirect=http://nasa.gov,1
https://who.int/eylrj?q=nkiiiencn,0
https://kera.org/,0
https://bleepingcomputer.com/qxjebruzw/hqjjfg/account-reset,0
https://kera.org/zmwmck/paypal-security,0
http://amaz0n-nbrvizwb.ru/hpw/keqfpl/login-verify?session=Lyd62TVziibXUEMD&redirect=http://example.com,1
https://mit.edu/,0
https://gqhgtpx.cf/eugenazzp/win-big/claim-prize?session=GArXxtG7gGv0LOqq&user=plrgrun,1
http://cisa.gov/upilrn/cnqivtrf?q=zptlxo,0
https://129.25.177.160/jen?session=tINv3TbxSpcRIHEJ&redirect=http://utexas.edu,1
https://example.com/,0
http://ucthchu.cf/woidp/wallet-airdrop?session=0eUOXnPKhREbg8hr&redirect=http://utexas.edu&user=oktdwgb,1
https://xoskoeld.tk/lsfo/invoice-overdue?session=OKNoIokORpJ3mItz&redirect=http://tylerpaper.com&user=tmekgai,1
http://27.5.91.231/zcmzwn?session=D3hOwMSDU0mni6nf&redirect=http://who.int&user=pggshsm,1
http://cisa.gov/iclj/grp/account-reset,0
http://181.245.43.27/bank-secure/login-verify/win-big/awynfu?session=PwO8fryPzmaR4ITI&redirect=http://utexas.edu,1
https://openlibrary.org/,0
http://utexas.edu/,0
https://openlibrary.org/?q=zrinsc,0
https://g00gle-fgpvtegs.tk/login-verify/xvre?session=CNySiUagxgaZ5iVq&user=uauovwc,1
http://openlibrary.org/nax/sxvia,0
https://usda.gov/,0
http://bleepingcomputer.com/,0
http://example.com/,0
http://thgbxpk.work/swhlfwwgn/invoice-overdue?session=nJYN2K5gj79VBdk1&user=hwjhski,1
https://amaz0n-kzrwzoirzt.ga/bank-secure/rplmxf/qjwcuwjz?redirect=http://nih.gov&user=bzqpzqk,1
http://185.146.195.181/agzbubp/pqpmxunmf/claim-prize?redirect=http://nih.gov&user=bmggeie,1
http://wikipedia.org/,0
http://whitehouse.gov/,0
http://201.240.119.150/win-big/pjggpalib/ikeypgq/account-reset?session=HFM2iqD9UBJAMdsn&user=tsjtpvz,1
https://97.98.223.239/nexayiifh/fmoqatvu?session=wcM7Fq70HeXBGpXl,1
https://171.16.132.202/wallet-airdrop/mjgbeqbcz/claim-prize/oro?session=BEXdXYbk8Pe1EiPj&redirect=http://nasa.gov&user=tlyknqk,1
https://0ffice365-dqcbttu.cn/claim-prize/urgent-action/crypto-bonus?session=0FyE8Mv8tbcZvUb3&redirect=http://openlibrary.org&user=zkbggic,1
https://usda.gov/claim-prize/crypto-bonus,0
https://kera.org/,0
http://g00gle-azykje.zip/qlsclpk/account-reset?session=dbw47IVBAWMwKWvr,1
https://amaz0n-bjqzdfl.ga/jloyzzevx/vfat?session=GcHHR9kjQN1o5SH7&redirect=http://nasa.gov&user=yyhxzxm,1
http://tylerpaper.com/update-billing/afn/wallet-airdrop?q=cjjigbld,0
http://who.int/secure-check/toffsrxd/invoice-overdue,0
https://wikipedia.org/,0
http://utexas.edu/itez/login-verify,0
https://utexas.edu/,0
https://whitehouse.gov/?q=fegttrdc,0
https://tylerpaper.com/,0
http://ophskogqe.zip/dfqhqqso/viujzg/cobqjih/ajzjc?session=TtYEGR1IL3k6yvT8&redirect=http://usda.gov,1
https://kera.org/,0
https://106.96.207.129/algbxh/urgent-action/invoice-overdue?session=sYWzzJODFVjyoUDF,1
http://pwtdkrpya.gq/fedaueiom?session=YJCnMHhrV5u3pYEI&redirect=http://tylerpaper.com,1
https://100.15.24.111/ppvsqivs/tocusciqt?redirect=http://bleepingcomputer.com,1
https://utexas.edu/,0
https://242.78.2.21/xpyb/account-reset/ekpgjfydk?session=iruNGGVLoBYHLj2U,1
https://example.com/win-big/cxp,0
http://123.111.87.7/wallet-airdrop/awmbarh/wallet-airdrop?session=vS3W13KgQTb81OiE&redirect=http://kera.org,1
http://whitehouse.gov/,0
https://215.244.98.8/blfupd/invoice-overdue?session=nfFDF6bxA7gwte6O&redirect=http://kera.org&user=qkmyhqi,1
http://rjrmnp.click/mefkzy/paypal-security/invoice-overdue/ptpnwu?session=Zc9GyTIFNdsysZCA&redirect=http://example.com,1
https://whitehouse.gov/,0
https://openlibrary.org/,0
https://nih.gov/tpafrw,0
http://218.224.95.129/bqfsihbe?session=19F5L32rdEO4GjqC&redirect=http://who.int&user=yoyuabu,1
http://g00gle-rppxzlasx.cf/mnvo?session=djPbXMf566XoQUJK,1
http://197.91.241.8/xvptivlls/crypto-bonus/ymzg?session=Qr9VsJcrqpOVatOZ&user=aaajqok,1
https://139.96.114.238/free-gift?session=IBuHOIYQiV1RT7wV&user=ifjfzgp,1
https://openlibrary.org/ldbyw,0
http://whitehouse.gov/account-reset/lrekm/urgent-action,0
http://paypa1-icvlyklw.work/crypto-bonus/wallet-airdrop/office365-security?session=gIbQEle7roOedGk1&redirect=http://wikipedia.org,1
http://mit.edu/,0
http://utexashealth.org/?q=qlzgbvw,0
https://bleepingcomputer.com/,0
http://g00gle-bwhbvlh.xyz/cmcdmuree/cmvneqgy/otmtpgl?redirect=http://bleepingcomputer.com&user=nozkiol,1
https://15.91.121.234/pjn/wbiinacto/secure-check/urgent-action?session=FPHUF9jZuSTNiVmM&redirect=http://nasa.gov&user=hyfokvd,1
https://80.110.146.102/win-big?session=xtXuImnF1gpuDSD8&redirect=http://tylerpaper.com&user=ysgzpbb,1
http://utexashealth.org/igfywirkx,0
https://kera.org/bank-secure?q=jrtyuabgb,0
https://nasa.gov/ttoccuv/sozcvthzl/paypal-security/verify-user,0
http://g00gle-nycltqe.cf/kcrmxlea/kuqmzv/win-big?user=tgbtmax,1
http://utexas.edu/wallet-airdrop,0
http://25.240.224.19/free-gift/win-big/rjsi/login-verify?session=fBtDVNwiBGUTgWCw&redirect=http://utexashealth.org,1
http://tkbpcwbt.ru/sjz/free-gift/urgent-action?session=1vQ7TGlmZFw30XBM&user=dncmboa,1
https://157.249.31.39/ddfdrslm?session=LUfgyilhSBSP5V5m&redirect=http://kera.org&user=hfjfaeq,1
http://204.58.80.86/bank-secure?redirect=http://nasa.gov&user=toxngdx,1
https://whitehouse.gov/,0
http://utexas.edu/?q=irrdscoq,0
https://whitehouse.gov/,0
http://tylerpaper.com/,0
http://dhcwl.xyz/urgent-action/fymn/lxovoxfs?session=96UTtjCj1h8zGaBZ&redirect=http://nih.gov,1
http://167.209.129.97/update-billing/crypto-bonus/update-billing/kdejub?session=IqW5Qm3JauMrAoMJ&redirect=http://cisa.gov&user=gaptezj,1
https://mocss.cn/invoice-overdue/pcrp/login-verify?session=RE3skrugjZmEaWY4&user=eirvfls,1
http://244.234.174.95/jqjeob?session=uHOTU2RUVt3FAdxC&redirect=http://whitehouse.gov&user=srnhquy,1
http://12.64.142.41/mvz/paypal-security/verify-user?session=R8Xqw36tw7i19pHh,1
https://36.229.79.3/wavr/ajd?session=Yfy4TSXkZQJ4KsTJ&redirect=http://example.com,1
http://sbfmgttvk.tk/paypal-security/login-verify?session=rINcSWd3tsd73P2y,1
http://who.int/,0
http://213.226.167.245/win-big/account-reset/uxokpnc?session=OQAYmdEcrhCLKobb&user=amdzann,1
https://kera.org/?q=yilq,0
http://254.90.23.55/free-gift/lzazomg/pwcfzo?session=98Ivn3rVNPQNNFHn&redirect=http://utexashealth.org&user=vlyehni,1
http://113.98.23.127/office365-security/rbvecxtoe/azkjnvr/jsxcyxs?session=JMcx3hs4O4ukyo4y&redirect=http://usda.gov&user=rwkowqf,1
https://who.int/,0
https://wikipedia.org/vjwll/wallet-airdrop/smogjvkc/urgent-action,0
http://cisa.gov/secure-check,0
http://kera.org/,0
http://162.30.244.249/update-billing/tornj/nwfuxifty?session=GFXcrbNQcUYxyY21&redirect=http://cisa.gov,1
http://mit.edu/ozwqrgkau/secure-check,0
https://micr0soft-tkicemyb.gq/kzij/wmypkw/uippwcc/omcz?redirect=http://wikipedia.org&user=hvrxsrc,1
http://openlibrary.org/?q=aojuopcizs,0
https://35.35.185.114/yscjfxtnk/account-reset/lkppft?session=9fQY8es1c6K7n6bp&user=hqkdcwy,1
https://openlibrary.org/,0
https://tylerpaper.com/verify-user/iqulfojep,0
http://sdebhu.top/claim-prize?session=QHt7nckdqUkwkpKi,1
https://who.int/update-billing,0
http://bleepingcomputer.com/?q=vnh,0
http://kslkaii.pw/xtklesxs/pcfmwzbyt?session=4zISUilxIcZZsICb&redirect=http://mit.edu&user=qqdrhex,1
http://whitehouse.gov/,0
https://cisa.gov/?q=hvitqsaihr,0
https://130.41.50.89/iucznzfak/ibw/verify-user?session=nmrHVPqjh7IgHIq6&user=eixobax,1
https://usda.gov/,0
http://who.int/invoice-overdue/aqu/ooczx,0
http://openlibrary.org/,0
https://usamcvzzm.tk/ftrc/invoice-overdue?session=6PP5NEXunJ5ev4US&redirect=http://utexashealth.org&user=wvfdcct,1
http://utexas.edu/secure-check/win-big/invoice-overdue/doex,0
http://bleepingcomputer.com/?q=crpiw,0
https://43.171.206.35/bank-secure?session=7ZDNEZzMZ6lqxNo2&redirect=http://utexashealth.org,1
http://96.158.204.90/crypto-bonus?session=soGvbi9mYjnLjoru&redirect=http://mit.edu,1
https://nasa.gov/,0
http://micr0soft-jadauycize.cf/win-big/account-reset?session=3WzmscuSTh9rfIGU&redirect=http://example.com,1
http://164.216.153.77/win-big/verify-user/rxl/update-billing?session=twYwsEHUokQz2uX6&redirect=http://whitehouse.gov,1
http://50.84.90.154/hzqzldbvf?session=0gd651YaRgBbmHmG&redirect=http://nih.gov,1
http://xkavjveuga.ru/bank-secure/secure-check/nhocd/login-verify?session=gcyfReBwTBVPF8VS&redirect=http://example.com,1
http://paypa1-qhwtudld.tk/yvefarbe/verify-user?session=VKKMJGOFmTbnAzTU&user=jfeioec,1
http://utexas.edu/urgent-action/agn,0
http://115.73.78.222/invoice-overdue/free-gift,1
https://nih.gov/,0
http://openlibrary.org/,0
https://faceb00k-mivjynv.ga/qlvx,1
http://201.131.242.101/ihyr?session=bSwoY5RfkafiBtXJ&user=ekvxccf,1
http://111.166.174.243/ylzhrmjtw?session=ABamfJbT8AepktMf&redirect=http://utexashealth.org&user=uyvgmyv,1
http://nasa.gov/,0
https://tdbra.cn/urgent-action/hmuahwgl?user=ymgwbjp,1
http://sdjgfhcl.ml/ncvucbjeu/win-big/rpbdxyesc?session=SxMlYRERDTK1BFe8&redirect=http://bleepingcomputer.com&user=zssbeiz,1
https://utexashealth.org/,0
https://nhpxfamin.ga/account-reset,1
https://openlibrary.org/claim-prize/jlj/secure-check/wmcjkq,0
http://mit.edu/?q=ywcrozjked,0
https://dkkmbn.pw/lanuumo?session=J8WGX0f5L9UVArB2,1
http://63.103.127.79/win-big/addqx?session=9DRfKx9RshuS1HzR&redirect=http://whitehouse.gov&user=vmnpsud,1
http://usda.gov/free-gift/zwd/claim-prize?q=qjbutkt,0
http://gflejhdjji.work/yxtaofzhl/secure-check/win-big/claim-prize?session=m6Ltol5DXjwjz2vf&user=roydhby,1
http://usda.gov/free-gift/mts,0
http://paypa1-jdkunzjb.ml/verify-user/zuuywndbu/free-gift/claim-prize?session=PiyQTGOPtsb2UiS0&redirect=http://openlibrary.org&user=ucwvhzk,1
http://urtezn.cf/urgent-action/win-big/udw?session=CkseJveSC98VB568&redirect=http://utexas.edu,1
http://212.167.182.202/secure-check/vukgx/crypto-bonus/verify-user?user=dqzexnl,1
http://g00gle-nyeibyu.ml/gntymqlu/crypto-bonus/bszoutb?session=dZscNnjg8MRlt2VE&redirect=http://wikipedia.org,1
https://usda.gov/?q=kcxxzoejd,0
http://who.int/,0
http://wikipedia.org/qlsqdkr?q=ddsj,0
https://mit.edu/oern/wallet-airdrop/login-verify,0
https://who.int/?q=fpehrdsy,0
http://63.194.154.152/tkcbmkm/gzr/free-gift/office365-security?session=kd5qpQ90n0rkHefR,1
https://openlibrary.org/secure-check/wallet-airdrop,0
https://cisa.gov/,0
http://kera.org/,0
http://185.118.47.12/httxxdh/ppmn/ubmlm?session=saA4SBNKNU9pzqNu&redirect=http://mit.edu,1
http://utexashealth.org/paypal-security/paypal-security/office365-security/wallet-airdrop,0
http://53.57.88.143/lyafoez/kufkmwdy/cbaxwicy/dfvjxpvm?session=gI3jzHMjID8Q48Pj&redirect=http://utexashealth.org&user=wmmtpzj,1
https://bleepingcomputer.com/wallet-airdrop/gmfoysdq/update-billing/scuao,0
http://68.76.218.232/imn/nkw?session=N48AcDHk4eXDDaZA&redirect=http://openlibrary.org&user=drkvfif,1
http://4.244.72.240/claim-prize/hqh/dlyzx?user=cslxsha,1
http://0ffice365-mylfa.click/phsgmjhxs?session=Yy1JEIOJQJeheqJo&redirect=http://utexashealth.org&user=wazrprw,1
http://usda.gov/?q=wjhb,0
http://51.213.196.130/invoice-overdue/crypto-bonus/verify-user?session=4lftMbkaNC26tQ61,1
http://whitehouse.gov/pzmdoiool/gjwkimxj/update-billing?q=kremz,0
http://207.34.131.32/txveicaau/win-big/account-reset/gbcdazwcy?session=qle04mgXzEMnA3NB&redirect=http://mit.edu&user=eopazzm,1
https://openlibrary.org/office365-security/ocmiztaka/cpqhnfryj,0
http://141.54.128.182/fsyuhqngs/office365-security/account-reset?session=nxYi8ROChEcrxZfr&redirect=http://nih.gov&user=jlfjrnr,1
http://nasa.gov/?q=jqrqmmaoan,0
http://tylerpaper.com/,0
http://micr0soft-arrkpyv.cn/office365-security/zxudwuhu/yjkezwc/kkqy?session=XT54LwfwmByqLfAw&redirect=http://tylerpaper.com&user=bimfrem,1
http://kgmkaegxin.ml/jytm?session=AO2RqWz0DT35eFRK&redirect=http://cisa.gov,1
https://amaz0n-jkmux.work/ynkwrsypr/win-big/wpfyi?session=sZGzqAOV3iVsQwHt&user=eswqfuv,1
http://micr0soft-ucslmw.work/crmdqzb/crypto-bonus?session=SGa4mbYKuzIZGaQu&redirect=http://nih.gov&user=hzdskaq,1
https://mit.edu/jhu/jzzuto/akgj/arwsc,0
http://64.37.206.13/pnqjp/mphz?session=FZ1Amm4WvPR8LuJ7&redirect=http://who.int&user=cwxmxqs,1
http://openlibrary.org/,0
http://21.207.207.72/win-big/crypto-bonus/ofrc/adtgrr?redirect=http://wikipedia.org&user=thzrqbe,1
https://openlibrary.org/?q=grsubzm,0
http://bleepingcomputer.com/,0
http://191.103.65.46/sqlh,1
http://iaabkn.click/facyr/qsdwdrx/sgm?session=5rA4VukeWxud7qBE,1
http://openlibrary.org/wallet-airdrop,0
https://usda.gov/bdkooriag/blsobxz/claim-prize/free-gift?q=nsfaahron,0
http://example.com/login-verify/ombacvq?q=ehcvik,0
https://mit.edu/eftuwh,0
http://123.225.2.84/nlri?session=yVRwZteLnkNriBBR&redirect=http://openlibrary.org&user=ljajmrs,1
http://tylerpaper.com/secure-check/bank-secure/claim-prize/office365-security,0
http://paypa1-sycozpvxcv.gq/urgent-action?session=QaD4ZO2JtSRoOXGz&redirect=http://nasa.gov,1
https://99.182.75.47/ifewehs/jjunvr?redirect=http://wikipedia.org&user=fsjvufs,1
http://196.19.124.133/paypal-security/bank-secure?session=L1UhMX3OUjLrVAbe&redirect=http://bleepingcomputer.com,1
https://wikipedia.org/?q=vgqodhn,0
http://utexas.edu/update-billing/qpdtounai,0
https://tylerpaper.com/,0
https://utexas.edu/usqh/paypal-security/paypal-security,0
http://221.160.236.176/office365-security/bzbusoec/bank-secure/bank-secure?session=mut9ERDrcjDNtbLx&user=lmbwyrh,1
https://cisa.gov/,0
https://bleepingcomputer.com/?q=dapny,0
http://241.2.246.63/urgent-action/account-reset/axuucbde?session=5Nb0XAYWykMDKR8U,1
http://kera.org/,0
https://g00gle-ajwtxpds.zip/omisfx/nsmyyzjmq/secure-check?session=EQRO5TpcYNPROqCQ&redirect=http://usda.gov&user=redcsjs,1
https://248.12.31.63/nlfhmroxd?session=xSdPBRLcwIRXrla9&user=etsqqto,1
https://utexashealth.org/zpot/mxnbnwb/verify-user,0
https://bleepingcomputer.com/rgj/account-reset/ccfcpnla,0
http://faceb00k-wlnnblzhgr.gq/urgent-action/crypto-bonus,1
http://106.121.114.19/wallet-airdrop?session=UkNne44TIqEonS6i&redirect=http://mit.edu&user=yuvuxal,1
http://who.int/,0
https://exiwimbc.top/secure-check/account-reset/update-billing?session=gBtzLQKYuNdniKUY,1
https://kera.org/mxvclha/zelsocyr/jolbjyzbj,0
http://148.48.116.230/oxzxbdhk/verify-user/jgnz/ieqsgz?session=9OOub25aJsmDyRqx&redirect=http://cisa.gov,1
http://kera.org/,0
http://194.97.195.76/usjoee/cjkhhovn?session=TwIFl8u8CZdQcQd0&redirect=http://bleepingcomputer.com&user=zvfnpwd,1
http://vlscuysd.cn/psflgr/tcsqcssz?session=xV4JOj1lSAtVBMhi&redirect=http://usda.gov,1
https://wikipedia.org/hhbnilbv/pjpytbx/paypal-security/bank-secure,0
https://amaz0n-nekvg.cf/kwscquid/win-big/leedmnco?session=UYl82B4gNefhdboE&user=gyrubfu,1
http://utexashealth.org/,0
http://tylerpaper.com/crypto-bonus/ptqqil/gyd,0
https://atoxcpkv.ml/thlczoj/zomx/amkjoc/ulmcid?session=k1EpiMDSJoVptujt&redirect=http://who.int,1
http://yujnzd.zip/free-gift?session=SyiqkLDFedR92Sw4&redirect=http://cisa.gov&user=hmviudv,1
https://who.int/?q=edig,0
http://xuqmqxni.gq/noroapixu?session=b8M0JyK1URtbzEoC&user=hcuuxla,1
https://13.85.209.47/xoajryv/utblnlvt?redirect=http://cisa.gov,1
https://kera.org/,0
http://80.163.42.88/verify-user/ajg/xqxmhiusx?session=LYpI3t2xjtGC36Te&redirect=http://nasa.gov,1
http://167.149.88.118/khq/account-reset/lruojww/paypal-security?redirect=http://nasa.gov&user=lhyfjdx,1
http://8.156.79.60/verify-user?session=jWkSLlT1WvS7v3On&redirect=http://wikipedia.org&user=svfqxpe,1
http://usda.gov/,0
https://kera.org/?q=xwx,0
https://nasa.gov/rhit/qocnnd/jevs/secure-check,0
http://251.217.115.59/win-big/arrk/dkp/paypal-security?session=ZSrSKqWNyDLzErVg&redirect=http://nih.gov&user=yatvmae,1
http://example.com/free-gift/gvrhtavc,0
http://nasa.gov/?q=joch,0
http://aajipicu.xyz/rwthk/urgent-action?session=uzMXD254LotKBsOc&redirect=http://bleepingcomputer.com&user=kaffvga,1
https://utexas.edu/bank-secure?q=xuuprr,0
http://184.194.142.3/seqprb/omajccc?session=uIT2JC8kQxGRUV4D,1
https://who.int/?q=aenx,0
https://0ffice365-lbjdzqwjz.ga/aygqwv/urgent-action/tuhrp/win-big?session=nRnLTLCAKHDIvtZj&user=nekkroc,1
https://micr0soft-fxxqwtk.ml/wallet-airdrop/soistqe/kqi/free-gift?session=tDTqQZXmzl262n65&redirect=http://tylerpaper.com&user=cmgwbqp,1
http://lwfuf.pw/urgent-action/ehwatu/update-billing/update-billing?session=qfYLJDE4ekVFWtDF&redirect=http://example.com&user=aggiijn,1
https://217.29.37.216/abbdud/xuocktcen/csjcpwc/cnkcbs?user=zymfkcf,1
http://utexas.edu/,0
https://who.int/?q=cuwpdz,0
https://nasa.gov/kvilgyduc/mknzfi/erv?q=dszkbhve,0
http://nasa.gov/crypto-bonus,0
https://kera.org/txjedrbt/njleiiyp/win-big,0
https://kera.org/,0
http://60.46.229.2/bank-secure?session=hHYlxfdS3rtp6KUW&redirect=http://utexashealth.org,1
http://lvoykff.tk/tslbcp/login-verify?session=lUURszuWRrj2bUFa,1
http://paypa1-vupselvwl.cn/urgent-action/cmxipoxg?user=ukuwoew,1
http://bleepingcomputer.com/urgent-action/urgent-action,0
http://142.62.17.112/claim-prize/gwdkq/keg/qdrdbzttr?session=gangRzvBjOhw8xGr&redirect=http://whitehouse.gov,1
https://185.214.123.4/dbzi/clcqpbqw/secure-check/account-reset?session=IhGNxJ0L7TM4maon,1
https://cisa.gov/,0
https://tylerpaper.com/paypal-security,0
http://utexashealth.org/?q=wocvwhthxd,0
http://micr0soft-ipxyjtgjod.ru/opqklx/osm/paypal-security/office365-security?session=0junNZenxp3lgHld&redirect=http://usda.gov,1
http://tylerpaper.com/ekpurejja,0
http://205.118.104.152/paypal-security/bank-secure/cijn?session=564sfvVKu6Jy0l0o&redirect=http://mit.edu&user=jszgkyh,1
https://paypa1-qtydgivcpr.pw/free-gift/update-billing?redirect=http://who.int&user=zgwukrr,1
http://fditsklm.top/login-verify/brqari/crtbhnws/update-billing?session=1HH9saVguIdtsiZa&user=yxmqmvn,1
http://bleepingcomputer.com/,0
http://220.123.178.179/login-verify/cbzbep/newjcmecq?redirect=http://cisa.gov,1
http://whitehouse.gov/,0
https://jxcmp.ga/paypal-security/wrvz/secure-check?session=gXpEKPgWRIZxG5xL&redirect=http://utexashealth.org,1
https://kera.org/?q=ufa,0
http://znuxtphz.ga/hld/crypto-bonus/ggxvqpeg/zzrm?redirect=http://wikipedia.org&user=nbpyedv,1
http://113.48.91.138/llgada/kvxlglk/free-gift?session=dqzg7MbehBEC4cUq&redirect=http://utexashealth.org,1
https://149.34.15.136/ajwuldn/wallet-airdrop/ogmp/lktjkl?redirect=http://whitehouse.gov&user=hgljdyd,1
http://tylerpaper.com/,0
https://example.com/,0
https://51.41.241.184/nttmytzlx/rqre/update-billing?session=aHXeW7ZpSmx98uHZ&redirect=http://bleepingcomputer.com&user=wwawwut,1
https://micr0soft-njdqezzw.gq/account-reset/claim-prize?session=BywuySmnlm2OM3HV&redirect=http://tylerpaper.com&user=kmolxyw,1
https://224.138.65.89/update-billing/account-reset/htmryfr?session=ykjPuGDKzToq5Zws,1
http://utexashealth.org/free-gift?q=ntmuncnyb,0
https://bleepingcomputer.com/?q=iqxcons,0
https://nasa.gov/slbbsa,0
https://utexas.edu/,0
https://cisa.gov/wallet-airdrop?q=plqubrkn,0
http://83.13.6.247/dwuhucuej/paypal-security/login-verify?redirect=http://who.int,1
https://wikipedia.org/,0
http://zayabehq.xyz/wallet-airdrop/fim?session=ATQrrGMxMSi7Q6A3,1
https://0ffice365-hmmae.cn/verify-user/claim-prize/bank-secure/update-billing?redirect=http://nih.gov&user=qqllesm,1
https://81.119.76.48/verify-user/bank-secure/win-big/xbgzhv?session=XZ6kYLrylUTUVmi9&redirect=http://nasa.gov&user=aiocfaa,1
http://yxpofknwfm.ru/wglfyyxx/claim-prize/invoice-overdue/office365-security?session=CJK8CiRl2MRaMxQG&redirect=http://utexashealth.org&user=youucwt,1
https://0ffice365-nmfhkiemly.ga/yuwrflsab/urgent-action/igmkyrrs/urgent-action?session=YC7W1BYURO7U1l1k&redirect=http://openlibrary.org&user=zdwgpyx,1
https://jzgdyuxbf.ga/pwp/update-billing/ovzrxhlbt/dmkqactl?session=qs6pL6yrvA3y4k6x&user=iipwdyt,1
http://faceb00k-qpgxyvh.xyz/ofufyr?session=Qh6Y5ihwIf5rjw8r&user=xugvqrb,1
https://utexashealth.org/update-billing,0
http://faceb00k-hlusopt.ru/jhyeqml/udpwgfwp/jnwnm?redirect=http://usda.gov,1
https://19.228.57.107/sux/ypzsr/update-billing/ppj?session=RabVhoApeiEmxNoS&user=wdiubuk,1
https://46.50.164.160/fiwxpox/urgent-action?redirect=http://tylerpaper.com&user=nxmpzxy,1
https://157.248.51.118/update-billing?user=szoutyl,1
http://faceb00k-ptuhg.cf/paypal-security?session=qcZntuCuugTw2YD0&redirect=http://nasa.gov,1
http://upslrzls.cn/udujaoc/claim-prize/update-billing/free-gift?session=8U7IHQoMHW17h40X,1
